<?xml version="1.0" encoding="UTF-8"?>
<project-private xmlns="http://www.netbeans.org/ns/project-private/1">
    <editor-bookmarks xmlns="http://www.netbeans.org/ns/editor-bookmarks/2" lastBookmarkId="0"/>
    <open-files xmlns="http://www.netbeans.org/ns/projectui-open-files/2">
        <group>
            <file>file:/home/r4m80/WebServer/server_files/.htaccess</file>
            <file>file:/home/r4m80/WebServer/server_files/default_header.php</file>
            <file>file:/home/r4m80/WebServer/pages/about.php</file>
            <file>file:/home/r4m80/WebServer/index.php</file>
            <file>file:/home/r4m80/WebServer/public_files/get_page.php</file>
            <file>file:/home/r4m80/WebServer/server_files/default_body.php</file>
            <file>file:/home/r4m80/WebServer/phpmyadmin/js/openlayers/theme/default/style.mobile.tidy.css</file>
            <file>file:/home/r4m80/WebServer/.htaccess</file>
            <file>file:/home/r4m80/WebServer/pages/forum.php</file>
            <file>file:/home/r4m80/WebServer/public_files/main_style.css</file>
        </group>
    </open-files>
</project-private>
